theta0,theta1
8499.599649933152,-0.021448963591701786
