theta0,theta1
8499.599649933178,-0.021448963591701946
